{
  "anomaly_precision": 0.8625,
  "anomaly_recall": 0.5307692307692308,
  "anomaly_f1": 0.6571428571428571,
  "fault_accuracy": 0.9307692307692308,
  "fault_macro_f1": 0.9051300494256418,
  "root_cause_accuracy": 0.7730769230769231,
  "root_cause_macro_f1": 0.6226415022649769,
  "selected_models": {
    "fault_type": "random_forest_balanced_subsample",
    "root_cause_service": "random_forest_balanced"
  },
  "comparisons": {
    "fault_type": {
      "random_forest": {
        "accuracy": 0.9230769230769231,
        "macro_f1": 0.896545154352137
      },
      "random_forest_balanced": {
        "accuracy": 0.9230769230769231,
        "macro_f1": 0.8938282354556314
      },
      "random_forest_balanced_subsample": {
        "accuracy": 0.9307692307692308,
        "macro_f1": 0.9051300494256418
      },
      "logistic_regression": {
        "accuracy": 0.8423076923076923,
        "macro_f1": 0.7825901548159822
      }
    },
    "root_cause_service": {
      "random_forest": {
        "accuracy": 0.7769230769230769,
        "macro_f1": 0.5786029435152241
      },
      "random_forest_balanced": {
        "accuracy": 0.7730769230769231,
        "macro_f1": 0.6226415022649769
      },
      "random_forest_balanced_subsample": {
        "accuracy": 0.75,
        "macro_f1": 0.5805826561671742
      },
      "logistic_regression": {
        "accuracy": 0.6230769230769231,
        "macro_f1": 0.3519854539817868
      }
    }
  }
}